Analysis Results,timestamp
"DNA Activity Level: Predicted molecular phenotype score: -0.0049
Think of this like a thermometer reading. This DNA segment shows less active behavior. The effect is very subtle - like a whisper

DNA Uniqueness Score: Genetic variation score: 0.4261
Imagine comparing this DNA to a standard reference book. This DNA has some unique spellings. These differences might make it special in its function.

DNA Control Switch Score: Regulatory element likelihood score: 6.1772
Think of this like a volume control knob. There are strong control switches here. These switches help turn genes on and off, like a light switch for your genes.

DNA Accessibility Score: Chromatin accessibility score: -0.0123
Imagine this DNA as a book: The pages are somewhat stuck together and harder to read. This tells us how easily the body's proteins can read this DNA section.
",2025-01-28 01:08:09.928473
"DNA Activity Level: Predicted molecular phenotype score: -0.0030
Think of this like a thermometer reading. This DNA segment shows less active behavior. The effect is very subtle - like a whisper

DNA Uniqueness Score: Genetic variation score: 0.4298
Imagine comparing this DNA to a standard reference book. This DNA has some unique spellings. These differences might make it special in its function.

DNA Control Switch Score: Regulatory element likelihood score: 5.8880
Think of this like a volume control knob. There are strong control switches here. These switches help turn genes on and off, like a light switch for your genes.

DNA Accessibility Score: Chromatin accessibility score: -0.0063
Imagine this DNA as a book: The pages are somewhat stuck together and harder to read. This tells us how easily the body's proteins can read this DNA section.
",2025-01-28 01:11:33.282711
